﻿{"cameraMode":{"drawMode":0,"name":"Shaded","section":"Shading Mode"},"sceneLighting":true,"audioPlay":false,"sceneViewState":{"showFog":true,"showMaterialUpdate":true,"showSkybox":true,"showFlares":true,"showImageEffects":true,"showParticleSystems":true},"in2DMode":false,"pivot":{"x":367.4059143066406,"y":273.55609130859377,"z":5.691131591796875},"rotation":{"x":-0.006558645982295275,"y":0.9823449850082398,"z":-0.18364238739013673,"w":-0.03508374094963074},"size":450.61090087890627,"orthographic":false}